{
    "variants": {
        "type=bottom": [
			{ "model": "block/acacia_slab" },
			{ "model": "block/acacia_slab1" },
			{ "model": "block/acacia_slab2" },
			{ "model": "block/acacia_slab3" }
		],
        "type=top": [
		{ "model": "block/acacia_slab_top" },
		{ "model": "block/acacia_slab_top1" },
		{ "model": "block/acacia_slab_top2" },
		{ "model": "block/acacia_slab_top3" }
		],
		
        "type=double": [
			{ "model": "block/acacia_planks", "weight":2 },
			{ "model": "block/acacia_planks1", "weight":3 },
			{ "model": "block/acacia_planks2", "weight":1 },
			{ "model": "block/acacia_planks3", "weight":2 }
		]
    }
}
