{
    "variants": {
		"type=bottom": [
			{ "model": "block/birch_slab" },
			{ "model": "block/birch_slab1" },
			{ "model": "block/birch_slab2" },
			{ "model": "block/birch_slab3" }
		],
        "type=top": [
		{ "model": "block/birch_slab_top" },
		{ "model": "block/birch_slab_top1" },
		{ "model": "block/birch_slab_top2" },
		{ "model": "block/birch_slab_top3" }
		],
        "type=double": [
			{ "model": "block/birch_planks", "weight":2 },
			{ "model": "block/birch_planks1", "weight":3 },
			{ "model": "block/birch_planks2", "weight":1 },
			{ "model": "block/birch_planks3", "weight":2 }
		]
    }
}
