{
    "variants": {
        "type=bottom": [
			{ "model": "block/dark_oak_slab" },
			{ "model": "block/dark_oak_slab1" },
			{ "model": "block/dark_oak_slab2" },
			{ "model": "block/dark_oak_slab3" }
		],
        "type=top": [
		{ "model": "block/dark_oak_slab_top" },
		{ "model": "block/dark_oak_slab_top1" },
		{ "model": "block/dark_oak_slab_top2" },
		{ "model": "block/dark_oak_slab_top3" }
		],
        "type=double": [
			{ "model": "block/dark_oak_planks", "weight":2 },
			{ "model": "block/dark_oak_planks1", "weight":3 },
			{ "model": "block/dark_oak_planks2", "weight":1 },
			{ "model": "block/dark_oak_planks3", "weight":2 }
		]
    }
}
