{
    "variants": {
        "moisture=0": { "model": "block/farmland_dry" },
        "moisture=1": { "model": "block/farmland_dry" },
        "moisture=2": { "model": "block/farmland_dry" },
        "moisture=3": { "model": "block/farmland_dry" },
        "moisture=4": { "model": "block/farmland_dry" },
        "moisture=5": { "model": "block/farmland_dry" },
        "moisture=6": { "model": "block/farmland_dry" },
        "moisture=7": [ { "model": "block/farmland_moist", "weight": 300 }, { "model": "block/farmland_moist1", "weight": 2 }, { "model": "block/farmland_moist2", "weight": 1 } ]
    }
}
