{
    "variants": {
        "type=bottom": [
			{ "model": "block/jungle_slab" },
			{ "model": "block/jungle_slab1" },
			{ "model": "block/jungle_slab2" },
			{ "model": "block/jungle_slab3" }
		],
        "type=top": [
		{ "model": "block/jungle_slab_top" },
		{ "model": "block/jungle_slab_top1" },
		{ "model": "block/jungle_slab_top2" },
		{ "model": "block/jungle_slab_top3" }
		],
        "type=double": [
			{ "model": "block/jungle_planks", "weight":2 },
			{ "model": "block/jungle_planks1", "weight":3 },
			{ "model": "block/jungle_planks2", "weight":1 },
			{ "model": "block/jungle_planks3", "weight":2 }
		]
    }
}
